{"cameraMode":{"drawMode":0,"name":"Shaded","section":"Shading Mode"},"sceneLighting":true,"audioPlay":false,"sceneViewState":{"m_AlwaysRefresh":false,"showFog":true,"showSkybox":true,"showFlares":true,"showImageEffects":true,"showParticleSystems":true,"showVisualEffectGraphs":true,"m_FxEnabled":true},"in2DMode":false,"pivot":{"x":0.000001430511474609375,"y":0.7184555530548096,"z":-0.016547784209251405},"rotation":{"x":0.0012380603002384306,"y":0.9948486685752869,"z":-0.10063140094280243,"w":0.012238572351634503},"size":1.3129572868347169,"orthographic":false}