{"cameraMode":{"drawMode":0,"name":"Shaded","section":"Shading Mode"},"sceneLighting":true,"audioPlay":false,"sceneViewState":{"showFog":true,"showMaterialUpdate":false,"showSkybox":true,"showFlares":true,"showImageEffects":true,"showParticleSystems":true},"in2DMode":false,"pivot":{"x":0.5840014219284058,"y":-0.8895444273948669,"z":-0.016547784209251405},"rotation":{"x":-0.20967301726341248,"y":0.6796701550483704,"z":-0.21271388232707978,"w":-0.6699540615081787},"size":6.501124382019043,"orthographic":false}