{"cameraMode":{"drawMode":0,"name":"Shaded","section":"Shading Mode"},"sceneLighting":false,"audioPlay":false,"sceneViewState":{"showFog":true,"showMaterialUpdate":false,"showSkybox":true,"showFlares":true,"showImageEffects":true,"showParticleSystems":true},"in2DMode":false,"pivot":{"x":417.0350036621094,"y":147.75003051757813,"z":0.0},"rotation":{"x":-0.2561917006969452,"y":0.07154498994350434,"z":-0.019017940387129785,"w":-0.9637871980667114},"size":216.4987335205078,"orthographic":false}